	sample_index	mutation_index	cluster	var	depth
0	0	0	1	611	1222
1	0	1	1	146	292
2	0	2	1	156	312
3	0	3	3	159	371
4	0	4	1	96	193
5	0	5	1	232	465
6	0	6	2	0	374
7	0	7	1	59	118
8	0	8	1	109	219
9	0	9	1	43	87
10	0	10	1	147	294
11	0	11	1	69	139
12	0	12	1	75	150
13	0	13	1	139	279
14	0	14	1	197	395
15	0	15	1	111	223
16	0	16	1	386	773
17	0	17	1	270	541
18	0	18	1	202	404
19	0	19	1	37	75
20	0	20	1	377	754
21	0	21	1	205	410
22	0	22	1	298	597
23	0	23	1	462	924
24	0	24	1	148	304
25	0	25	1	217	434
26	0	26	1	95	191
27	0	27	4	212	453
28	0	28	1	178	356
29	0	29	1	88	177
30	0	30	1	88	176
31	0	31	1	71	142
32	0	32	1	213	427
33	0	33	1	217	435
34	0	34	1	47	94
35	0	35	1	403	807
36	0	36	1	124	248
37	0	37	1	351	702
38	0	38	3	136	330
39	0	39	1	38	76
40	0	40	1	53	108
41	0	41	1	56	112
42	0	42	1	82	164
43	0	43	1	37	75
44	0	44	1	77	154
45	0	45	1	219	439
46	0	46	1	117	235
47	0	47	1	574	1148
48	0	48	1	82	165
49	0	49	1	220	440
50	0	50	3	105	254
51	0	51	1	161	323
52	0	52	1	39	78
53	0	53	1	173	346
54	0	54	2	0	319
55	0	55	1	82	164
56	0	56	1	102	204
57	0	57	1	450	900
58	0	58	2	0	315
59	0	59	1	179	359
60	0	60	1	143	287
61	0	61	1	192	384
62	0	62	1	57	115
63	0	63	1	169	339
64	0	64	1	36	72
65	0	65	1	150	301
66	0	66	2	0	413
67	0	67	1	208	416
68	0	68	1	260	520
69	0	69	1	307	614
70	0	70	1	196	393
71	0	71	1	185	371
72	0	72	1	184	368
73	0	73	1	130	269
74	0	74	1	83	169
75	0	75	1	143	286
76	0	76	1	473	946
77	0	77	1	34	68
78	0	78	3	145	351
79	0	79	1	465	930
80	0	80	1	264	528
81	0	81	1	160	321
82	0	82	1	27	80
83	0	83	1	69	139
84	0	84	1	71	143
85	0	85	1	185	370
86	0	86	1	96	192
87	0	87	1	396	792
88	0	88	1	237	474
89	0	89	1	68	137
90	0	90	1	374	748
91	0	91	1	48	96
92	0	92	2	0	193
93	0	93	1	20	41
94	0	94	1	138	277
95	0	95	2	0	816
96	0	96	1	34	68
97	0	97	1	84	168
98	0	98	1	236	473
99	0	99	1	284	568
100	0	100	1	51	102
101	0	101	2	0	446
102	0	102	1	216	433
103	0	103	1	209	419
104	0	104	1	81	163
105	0	105	1	241	482
106	0	106	1	167	335
107	0	107	1	115	230
108	0	108	1	325	651
109	0	109	1	120	240
110	0	110	1	106	213
111	0	111	1	351	702
112	0	112	1	118	237
113	0	113	1	79	158
114	0	114	1	97	194
115	0	115	1	90	181
116	0	116	1	117	235
117	0	117	1	118	236
118	0	118	1	136	272
119	0	119	1	116	232
120	0	120	1	256	513
121	0	121	1	409	819
122	0	122	1	230	460
123	0	123	1	153	306
124	0	124	1	47	95
125	0	125	1	304	609
126	0	126	1	165	331
127	0	127	2	0	107
128	0	128	1	413	826
129	0	129	1	80	160
130	0	130	1	79	159
131	0	131	1	88	177
132	0	132	1	326	653
133	0	133	1	50	101
134	0	134	1	221	442
135	0	135	1	183	367
136	0	136	1	134	269
137	0	137	1	43	87
138	0	138	1	93	186
139	0	139	1	91	182
140	0	140	1	144	289
141	0	141	1	135	271
142	0	142	3	266	642
143	0	143	1	33	66
144	0	144	1	89	178
145	0	145	1	200	400
146	0	146	1	163	326
147	0	147	1	336	673
148	0	148	1	128	257
149	0	149	1	84	168
150	0	150	1	66	133
151	0	151	1	127	254
152	0	152	1	83	166
153	0	153	1	159	318
154	0	154	1	43	86
155	0	155	1	160	320
156	0	156	1	150	300
157	0	157	1	56	112
158	0	158	1	1392	2932
159	0	159	1	252	504
160	0	160	1	319	639
161	0	161	1	442	885
162	0	162	1	162	324
163	0	163	2	0	472
164	0	164	1	164	329
165	0	165	1	133	266
166	0	166	1	119	239
167	0	167	1	120	241
168	0	168	2	0	82
169	0	169	1	74	149
170	0	170	1	131	263
171	0	171	3	219	528
172	0	172	1	67	134
173	0	173	1	161	323
174	0	174	1	63	127
175	0	175	1	95	191
176	0	176	1	52	104
177	0	177	1	62	125
178	0	178	1	168	337
179	0	179	1	78	156
180	0	180	2	0	277
181	0	181	1	161	322
182	0	182	1	168	337
183	0	183	1	233	466
184	0	184	1	242	485
185	0	185	1	77	154
186	0	186	1	156	312
187	0	187	1	26	52
188	0	188	1	50	100
189	0	189	1	227	455
190	0	190	1	111	223
191	0	191	1	97	195
192	0	192	1	88	177
193	0	193	1	234	469
194	0	194	1	245	491
195	0	195	1	20	41
196	0	196	1	90	180
197	0	197	1	221	443
198	0	198	1	136	273
199	0	199	1	108	217
200	0	200	2	0	561
201	0	201	1	156	312
202	0	202	2	0	407
203	0	203	1	649	1299
204	0	204	1	32	65
205	0	205	1	167	334
206	0	206	1	225	450
207	0	207	1	220	441
208	0	208	1	44	88
209	0	209	1	269	539
210	0	210	1	286	573
211	0	211	1	88	176
212	0	212	1	66	133
213	0	213	1	150	300
214	0	214	1	240	481
215	0	215	1	23	47
216	0	216	1	185	371
217	0	217	1	133	267
218	0	218	1	190	380
219	0	219	2	0	147
220	0	220	3	184	445
221	0	221	3	217	523
222	0	222	1	312	625
223	0	223	1	212	424
224	0	224	1	262	525
225	0	225	1	155	311
226	0	226	1	214	428
227	0	227	1	61	122
228	0	228	1	107	215
229	0	229	1	28	56
230	0	230	1	164	328
231	0	231	1	88	176
232	0	232	1	185	370
233	0	233	1	302	605
234	0	234	1	109	218
235	0	235	1	246	493
236	0	236	1	167	334
237	0	237	1	48	97
238	0	238	1	141	282
239	0	239	1	470	941
240	0	240	1	159	318
241	0	241	3	70	169
242	0	242	1	223	446
243	0	243	1	55	111
244	0	244	1	149	298
245	0	245	1	98	196
246	0	246	4	148	317
247	0	247	1	150	301
248	0	248	1	70	141
249	0	249	1	172	345
250	0	250	1	96	193
251	0	251	1	33	67
252	0	252	1	162	324
253	0	253	1	82	164
254	0	254	1	117	234
255	0	255	1	200	400
256	0	256	1	45	90
257	0	257	1	21	43
258	0	258	2	0	642
259	0	259	4	202	426
260	0	260	1	72	144
261	0	261	1	87	174
262	0	262	1	116	232
263	0	263	1	31	62
264	0	264	1	339	679
265	0	265	4	200	431
266	0	266	1	218	436
267	0	267	1	220	440
268	0	268	1	378	757
269	0	269	1	375	751
270	0	270	1	219	438
271	0	271	2	0	443
272	0	272	1	205	410
273	0	273	1	145	290
274	0	274	1	126	252
275	0	275	1	194	389
276	0	276	1	378	757
277	0	277	1	182	365
278	0	278	1	66	133
279	0	279	3	285	689
280	0	280	1	132	265
281	0	281	1	109	218
282	0	282	1	163	326
283	0	283	1	464	928
284	0	284	1	184	368
285	0	285	1	88	177
286	0	286	1	149	298
287	0	287	1	91	182
288	0	288	1	65	130
289	0	289	1	362	724
290	0	290	1	55	110
291	0	291	1	243	487
292	0	292	1	298	615
293	0	293	1	250	501
294	0	294	1	361	722
295	0	295	1	120	241
296	0	296	1	116	232
297	0	297	1	173	347
298	0	298	1	39	79
299	0	299	1	181	362
300	0	300	1	286	572
301	0	301	1	508	1017
302	0	302	1	280	561
303	0	303	1	99	199
304	0	304	1	50	101
305	0	305	1	169	338
306	0	306	1	209	419
307	0	307	1	85	170
308	0	308	1	132	265
309	0	309	1	97	195
310	0	310	1	223	446
311	0	311	1	59	119
312	0	312	1	93	186
313	0	313	1	358	717
314	0	314	1	143	287
315	0	315	1	135	271
316	0	316	1	53	106
317	0	317	1	42	85
318	0	318	1	242	485
319	0	319	1	69	138
320	0	320	1	264	529
321	0	321	1	598	1196
322	0	322	1	300	601
323	0	323	1	70	141
324	0	324	1	45	90
325	0	325	1	50	101
326	0	326	1	343	686
327	0	327	2	0	372
328	0	328	1	215	431
329	0	329	1	179	358
330	0	330	1	40	80
331	0	331	1	87	175
332	0	332	1	362	725
333	0	333	2	0	327
334	0	334	1	257	515
335	0	335	1	57	114
336	0	336	1	55	110
337	0	337	1	205	410
338	0	338	1	117	235
339	0	339	1	252	505
340	0	340	1	170	341
341	0	341	1	102	205
342	0	342	1	97	194
343	0	343	1	24	48
344	0	344	1	183	367
345	0	345	1	142	285
346	0	346	1	40	80
347	0	347	1	171	343
348	0	348	1	60	121
349	0	349	1	96	192
350	0	350	1	367	734
351	0	351	1	150	300
352	0	352	1	181	363
353	0	353	1	86	172
354	0	354	1	26	52
355	0	355	1	91	182
356	0	356	1	49	98
357	0	357	1	174	348
358	0	358	2	0	76
359	0	359	1	94	189
360	0	360	1	249	499
361	0	361	1	152	305
362	0	362	1	180	360
363	0	363	1	288	577
364	0	364	1	180	360
365	0	365	1	249	498
366	0	366	1	98	196
367	0	367	1	93	186
368	0	368	1	65	130
369	0	369	1	75	150
370	0	370	2	0	132
371	0	371	1	258	516
372	0	372	2	0	246
373	0	373	2	0	132
374	0	374	1	42	85
375	0	375	1	37	74
376	0	376	1	122	245
377	0	377	1	171	343
378	0	378	1	218	436
379	0	379	1	146	292
380	0	380	2	0	514
381	0	381	1	419	839
382	0	382	1	168	336
383	0	383	1	132	265
384	0	384	1	174	349
385	0	385	1	164	329
386	0	386	1	395	790
387	0	387	1	53	106
388	0	388	1	205	411
389	0	389	1	330	661
390	0	390	1	117	235
391	0	391	1	65	130
392	0	392	1	38	77
393	0	393	4	199	425
394	0	394	2	0	710
395	0	395	1	47	94
396	0	396	1	166	332
397	0	397	1	67	135
398	0	398	1	163	326
399	0	399	1	89	178
400	0	400	1	102	205
401	0	401	1	86	173
402	0	402	1	166	333
403	0	403	1	251	502
404	0	404	1	169	338
405	0	405	1	112	225
406	0	406	1	150	300
407	0	407	1	263	526
408	0	408	1	305	611
409	0	409	2	0	189
410	0	410	1	46	93
411	0	411	1	130	261
412	0	412	1	106	213
413	0	413	1	42	84
414	0	414	1	184	368
415	0	415	1	37	75
416	0	416	1	348	696
417	0	417	1	141	282
418	0	418	1	76	152
419	0	419	1	71	143
420	0	420	1	123	246
421	0	421	1	338	676
422	0	422	1	45	90
423	0	423	1	364	728
424	0	424	1	135	271
425	0	425	2	0	397
426	0	426	1	319	639
427	0	427	1	144	289
428	0	428	1	37	75
429	0	429	1	231	462
430	0	430	1	205	411
431	0	431	2	0	986
432	0	432	1	218	436
433	0	433	1	35	71
434	0	434	1	99	198
435	0	435	1	162	324
436	0	436	1	159	319
437	0	437	1	296	592
438	0	438	1	78	157
439	0	439	1	244	489
440	0	440	1	165	330
441	0	441	1	39	79
442	0	442	1	101	202
443	0	443	2	0	219
444	0	444	1	155	310
445	0	445	1	243	487
446	0	446	1	250	511
447	0	447	1	190	380
448	0	448	1	315	631
449	0	449	1	192	385
450	0	450	1	310	621
451	0	451	2	0	270
452	0	452	1	123	246
453	0	453	1	337	675
454	0	454	1	81	162
455	0	455	1	157	314
456	0	456	1	268	536
457	0	457	1	155	311
458	0	458	1	210	421
459	0	459	3	180	436
460	0	460	2	0	434
461	0	461	4	53	113
462	0	462	1	109	218
463	0	463	1	237	474
464	0	464	1	61	122
465	0	465	1	438	877
466	0	466	1	61	122
467	0	467	1	45	91
468	0	468	1	185	370
469	0	469	1	202	405
470	0	470	1	318	637
471	0	471	1	103	206
472	0	472	1	232	464
473	0	473	1	138	277
474	0	474	1	227	455
475	0	475	1	134	268
476	0	476	1	83	167
477	0	477	1	290	581
478	0	478	1	261	523
479	0	479	1	100	201
480	0	480	1	314	628
481	0	481	1	209	418
482	0	482	1	95	190
483	0	483	1	151	302
484	0	484	1	160	321
485	0	485	1	137	274
486	0	486	4	345	736
487	0	487	2	0	218
488	0	488	1	84	168
489	0	489	1	192	384
490	0	490	1	191	382
491	0	491	2	0	163
492	0	492	2	0	993
493	0	493	1	44	88
494	0	494	1	75	150
495	0	495	1	132	265
496	0	496	2	0	275
497	0	497	2	0	594
498	0	498	2	0	233
499	0	499	1	109	219
500	0	500	1	153	306
501	0	501	1	132	264
502	0	502	1	246	493
503	0	503	1	449	899
504	0	504	1	55	111
505	0	505	1	177	355
506	0	506	1	123	247
507	0	507	2	0	59
508	0	508	1	73	147
509	0	509	1	178	356
510	0	510	1	218	437
511	0	511	1	249	499
512	0	512	4	210	447
513	0	513	1	111	222
514	0	514	1	250	501
515	0	515	1	125	251
516	0	516	1	436	873
517	0	517	1	304	609
518	0	518	1	146	292
519	0	519	1	152	304
520	0	520	1	55	110
521	0	521	2	0	750
522	0	522	1	39	78
523	0	523	1	244	488
524	0	524	1	91	183
525	0	525	1	201	403
526	0	526	1	257	515
527	0	527	1	118	236
528	0	528	1	166	332
529	0	529	1	27	54
530	0	530	1	127	254
531	0	531	1	139	279
532	0	532	1	93	187
533	0	533	1	40	81
534	0	534	1	45	91
535	0	535	1	90	181
536	0	536	3	93	225
537	0	537	1	48	97
538	0	538	1	69	139
539	0	539	1	312	624
540	0	540	1	365	731
541	0	541	1	57	115
542	0	542	1	187	375
543	0	543	1	167	334
544	0	544	1	141	282
545	0	545	1	51	102
546	0	546	1	88	177
547	0	547	1	131	263
548	0	548	1	66	133
549	0	549	1	188	376
550	0	550	1	169	339
551	0	551	3	332	801
552	0	552	1	530	1061
553	0	553	1	120	240
554	0	554	1	79	158
555	0	555	1	58	117
556	0	556	1	225	451
557	0	557	1	115	230
558	0	558	1	203	407
559	0	559	1	69	138
560	0	560	1	385	770
561	0	561	1	150	300
562	0	562	1	512	1025
563	0	563	1	105	211
564	0	564	1	168	337
565	0	565	1	317	634
566	0	566	1	19	39
567	0	567	1	138	276
568	0	568	1	64	129
569	0	569	1	37	74
570	0	570	1	266	532
571	0	571	1	92	184
572	0	572	1	118	236
573	0	573	1	156	313
574	0	574	1	207	415
575	0	575	1	266	532
576	0	576	1	251	503
577	0	577	1	317	635
578	0	578	1	235	470
579	0	579	2	0	490
580	0	580	1	168	336
581	0	581	1	278	557
582	0	582	1	42	84
583	0	583	1	115	231
584	0	584	1	102	205
585	0	585	2	0	595
586	0	586	1	170	341
587	0	587	1	235	470
588	0	588	1	271	542
589	0	589	1	149	299
590	0	590	1	271	542
591	0	591	1	107	214
592	0	592	1	351	703
593	0	593	1	247	495
594	0	594	1	71	142
595	0	595	1	253	506
596	0	596	1	349	698
597	0	597	1	186	373
598	0	598	1	44	89
599	0	599	1	62	124
600	0	600	1	47	95
601	0	601	1	83	166
602	0	602	1	108	217
603	0	603	1	65	130
604	0	604	1	238	476
605	0	605	1	310	621
606	0	606	1	50	100
607	0	607	1	200	400
608	0	608	1	188	376
609	0	609	1	244	488
610	0	610	1	27	55
611	0	611	1	129	259
612	0	612	1	167	335
613	0	613	1	113	227
614	0	614	1	184	368
615	0	615	1	294	589
616	0	616	1	185	370
617	0	617	1	204	408
618	0	618	1	334	669
619	0	619	1	150	301
620	0	620	1	330	661
621	0	621	1	94	188
622	0	622	1	82	164
623	0	623	1	158	316
624	0	624	1	255	510
625	0	625	3	241	549
626	0	626	1	39	79
627	0	627	1	154	309
628	0	628	1	151	303
629	0	629	1	91	183
630	0	630	1	152	305
631	0	631	1	245	490
632	0	632	1	254	509
633	0	633	1	368	737
634	0	634	1	167	335
635	0	635	1	186	372
636	0	636	1	315	631
637	0	637	2	0	170
638	0	638	1	49	98
639	0	639	1	286	572
640	0	640	1	176	352
641	0	641	1	287	575
642	0	642	1	87	175
643	0	643	1	63	127
644	0	644	1	196	392
645	0	645	1	314	628
646	0	646	1	185	371
647	0	647	1	227	455
648	0	648	1	130	260
649	0	649	1	122	245
650	0	650	1	112	225
651	0	651	2	0	387
652	0	652	1	261	523
653	0	653	1	124	248
654	0	654	3	185	446
655	0	655	1	90	181
656	0	656	2	0	167
657	0	657	1	31	62
658	0	658	1	199	398
659	0	659	1	43	87
660	0	660	1	43	87
661	0	661	1	177	354
662	0	662	1	209	418
663	0	663	1	149	299
664	0	664	1	87	174
665	0	665	1	51	103
666	0	666	1	160	320
667	0	667	1	123	246
668	0	668	1	43	87
669	0	669	1	124	248
670	0	670	1	149	299
671	0	671	1	230	460
672	0	672	1	167	334
673	0	673	1	32	65
674	0	674	1	375	750
675	0	675	1	319	639
676	0	676	1	89	179
677	0	677	1	36	72
678	0	678	1	211	422
679	0	679	1	176	353
680	0	680	1	101	202
681	0	681	1	153	306
682	0	682	1	120	240
683	0	683	1	100	201
684	0	684	1	93	187
685	0	685	1	36	72
686	0	686	1	54	109
687	0	687	1	195	391
688	0	688	1	38	77
689	0	689	2	0	200
690	0	690	1	113	226
691	0	691	1	108	216
692	0	692	1	313	627
693	0	693	1	33	67
694	0	694	1	228	457
695	0	695	1	277	555
696	0	696	4	413	898
697	0	697	3	264	637
698	0	698	1	434	869
699	0	699	1	311	622
700	0	700	1	292	584
701	0	701	1	58	117
702	0	702	1	47	94
703	0	703	1	209	419
704	0	704	2	0	240
705	0	705	1	293	587
706	0	706	1	427	854
707	0	707	1	67	134
708	0	708	1	114	228
709	0	709	1	261	522
710	0	710	1	44	89
711	0	711	1	270	541
712	0	712	1	164	329
713	0	713	1	271	543
714	0	714	1	110	221
715	0	715	1	46	92
716	0	716	1	146	292
717	0	717	1	56	112
718	0	718	1	93	187
719	0	719	1	31	63
720	0	720	1	57	115
721	0	721	1	31	62
722	0	722	1	114	228
723	0	723	1	115	231
724	0	724	1	17	34
725	0	725	1	159	318
726	0	726	1	110	221
727	0	727	1	156	312
728	0	728	1	100	200
729	0	729	1	122	244
730	0	730	1	208	416
731	0	731	1	137	275
732	0	732	1	272	544
733	0	733	3	140	338
734	0	734	1	51	102
735	0	735	1	328	656
736	0	736	1	31	62
737	0	737	1	128	257
738	0	738	1	141	283
739	0	739	1	199	398
740	0	740	1	157	314
741	0	741	1	212	425
742	0	742	2	0	311
743	0	743	1	281	562
744	0	744	1	54	108
745	0	745	2	0	318
746	0	746	1	102	204
747	0	747	1	255	510
748	0	748	1	162	325
749	0	749	1	42	84
750	0	750	1	226	453
751	0	751	1	293	593
752	0	752	1	82	164
753	0	753	1	69	138
754	0	754	1	87	175
755	0	755	1	73	147
756	0	756	3	300	725
757	0	757	1	22	44
758	0	758	1	113	227
759	0	759	1	180	365
760	0	760	4	184	384
761	0	761	1	232	465
762	0	762	1	179	358
763	0	763	1	186	373
764	0	764	1	230	460
765	0	765	1	107	214
766	0	766	1	73	147
767	0	767	1	101	203
768	0	768	1	496	992
769	0	769	1	40	80
770	0	770	1	136	272
771	0	771	1	42	84
772	0	772	1	422	845
773	0	773	1	73	146
774	0	774	1	332	664
775	0	775	1	231	463
776	0	776	1	434	869
777	0	777	1	40	80
778	0	778	1	161	323
779	0	779	1	39	79
780	0	780	1	306	613
781	0	781	1	193	386
782	0	782	1	241	483
783	0	783	1	129	258
784	0	784	1	216	432
785	0	785	1	48	97
786	0	786	1	31	63
787	0	787	1	165	331
788	0	788	1	255	511
789	0	789	1	103	206
790	0	790	1	97	195
791	0	791	1	56	112
792	0	792	1	376	753
793	0	793	1	255	510
794	0	794	1	71	143
795	0	795	1	83	166
796	0	796	1	252	505
797	0	797	1	38	76
798	0	798	1	105	210
799	0	799	1	55	110
800	0	800	1	82	165
801	0	801	1	236	473
802	0	802	1	296	593
803	0	803	1	132	265
804	0	804	1	179	359
805	0	805	1	51	103
806	0	806	1	52	104
807	0	807	1	244	489
808	0	808	1	116	232
809	0	809	1	95	190
810	0	810	1	172	344
811	0	811	1	186	372
812	0	812	1	229	458
813	0	813	3	213	515
814	0	814	1	155	311
815	0	815	1	239	479
816	0	816	2	0	469
817	0	817	1	125	251
818	0	818	1	173	347
819	0	819	1	148	296
820	0	820	1	224	449
821	0	821	1	244	488
822	0	822	1	89	178
823	0	823	1	313	626
824	0	824	1	263	526
825	0	825	1	94	189
826	0	826	1	113	227
827	0	827	1	91	183
828	0	828	1	114	228
829	0	829	1	182	365
830	0	830	1	100	201
831	0	831	1	218	436
832	0	832	1	45	90
833	0	833	1	144	288
834	0	834	1	182	365
835	0	835	1	531	1063
836	0	836	1	92	185
837	0	837	1	49	98
838	0	838	1	180	360
839	0	839	2	0	148
840	0	840	1	340	681
841	0	841	1	329	658
842	0	842	1	216	432
843	0	843	1	143	287
844	0	844	1	105	211
845	0	845	1	394	788
846	0	846	1	200	401
847	0	847	1	219	438
848	0	848	1	53	107
849	0	849	1	180	360
850	0	850	1	69	139
851	0	851	1	171	343
852	0	852	1	301	602
853	0	853	1	155	311
854	0	854	1	69	141
855	0	855	2	5	250
856	0	856	1	64	128
857	0	857	1	22	44
858	0	858	1	134	269
859	0	859	1	131	263
860	0	860	1	51	102
861	0	861	1	40	80
862	0	862	1	326	653
863	0	863	1	194	388
864	0	864	1	179	358
865	0	865	1	88	176
866	0	866	1	108	217
867	0	867	1	106	213
868	0	868	1	118	237
869	0	869	1	261	523
870	0	870	1	119	238
871	0	871	1	83	167
872	0	872	1	354	708
873	0	873	1	260	521
874	0	874	4	169	368
875	0	875	1	327	655
876	0	876	1	66	133
877	0	877	1	207	415
878	0	878	1	53	107
879	0	879	1	190	381
880	0	880	1	353	706
881	0	881	1	195	390
882	0	882	1	120	240
883	0	883	1	236	473
884	0	884	1	218	436
885	0	885	1	226	452
886	0	886	1	326	653
887	0	887	1	150	301
888	0	888	1	291	583
889	0	889	1	335	670
890	0	890	1	170	340
891	0	891	1	132	264
892	0	892	1	128	257
893	0	893	1	299	598
894	0	894	1	377	754
895	0	895	1	105	210
896	0	896	1	359	718
897	0	897	1	166	333
898	0	898	1	41	82
899	0	899	1	155	311
900	0	900	1	160	321
901	0	901	1	313	626
902	0	902	1	132	265
903	0	903	1	40	80
904	0	904	1	191	382
905	0	905	1	103	207
906	0	906	1	57	114
907	0	907	1	131	263
908	0	908	1	343	686
909	0	909	1	86	173
910	0	910	1	141	283
911	0	911	1	384	768
912	0	912	2	0	423
913	0	913	1	444	889
914	0	914	1	235	471
915	0	915	1	40	80
916	0	916	1	280	561
917	0	917	1	168	336
918	0	918	1	244	489
919	0	919	1	185	371
920	0	920	1	275	550
921	0	921	1	156	313
922	0	922	1	95	190
923	0	923	1	399	798
924	0	924	1	98	199
925	0	925	1	169	338
926	0	926	1	118	237
927	0	927	1	72	145
928	0	928	1	106	213
929	0	929	1	160	320
930	0	930	1	113	226
931	0	931	1	171	343
932	0	932	1	231	462
933	0	933	1	110	220
934	0	934	1	62	125
935	0	935	1	128	257
936	0	936	1	102	204
937	0	937	1	57	115
938	0	938	1	328	657
939	0	939	1	59	119
940	0	940	1	207	414
941	0	941	1	61	122
942	0	942	1	51	103
943	0	943	1	139	278
944	0	944	1	257	514
945	0	945	1	162	325
946	0	946	1	21	43
947	0	947	1	46	93
948	0	948	1	83	166
949	0	949	1	201	402
950	0	950	1	48	97
951	0	951	1	58	117
952	0	952	1	246	493
953	0	953	1	48	96
954	0	954	1	129	258
955	0	955	1	37	78
956	0	956	1	133	266
957	0	957	1	332	665
958	0	958	1	181	362
959	0	959	1	165	331
960	0	960	1	83	167
961	0	961	1	245	491
962	0	962	1	148	297
963	0	963	2	0	244
964	0	964	1	188	377
965	0	965	1	83	166
966	0	966	2	0	309
967	0	967	1	35	71
968	0	968	1	77	154
969	0	969	1	229	459
970	0	970	1	48	96
971	0	971	1	65	130
972	0	972	1	161	322
973	0	973	1	98	196
974	0	974	2	0	337
975	0	975	1	296	593
976	0	976	1	343	686
977	0	977	1	168	337
978	0	978	1	142	285
979	0	979	1	78	157
980	0	980	1	103	206
981	0	981	1	194	389
982	0	982	1	48	97
983	0	983	2	0	296
984	0	984	1	62	125
985	0	985	1	53	106
986	0	986	1	74	148
987	0	987	1	333	667
988	0	988	1	136	272
989	0	989	1	80	161
990	0	990	1	180	360
991	0	991	4	136	287
992	0	992	1	106	213
993	0	993	1	208	417
994	0	994	1	170	340
995	0	995	1	128	256
996	0	996	1	296	592
997	0	997	1	59	119
998	0	998	1	361	722
999	0	999	1	164	328
1000	0	1000	1	194	389
1001	0	1001	2	0	471
1002	0	1002	1	33	67
1003	0	1003	1	256	512
1004	0	1004	1	197	394
1005	0	1005	1	240	481
1006	0	1006	1	139	278
1007	0	1007	1	140	281
1008	0	1008	1	70	140
1009	0	1009	1	171	343
1010	0	1010	1	238	477
1011	0	1011	1	344	689
1012	0	1012	1	70	140
1013	0	1013	1	113	226
1014	0	1014	1	94	188
1015	0	1015	1	277	554
1016	0	1016	1	523	1046
1017	0	1017	1	66	133
1018	0	1018	1	110	220
1019	0	1019	1	63	127
1020	0	1020	1	317	634
1021	0	1021	2	0	564
1022	0	1022	1	361	722
1023	0	1023	1	103	206
1024	0	1024	1	257	514
1025	0	1025	1	324	649
1026	0	1026	1	168	336
1027	0	1027	1	263	526
1028	0	1028	2	0	317
1029	0	1029	1	64	128
1030	0	1030	1	149	298
1031	0	1031	1	138	276
1032	0	1032	1	303	606
1033	0	1033	1	228	456
1034	0	1034	1	134	269
1035	0	1035	1	183	366
1036	0	1036	1	106	213
1037	0	1037	1	140	281
1038	0	1038	1	63	126
1039	0	1039	1	205	410
1040	0	1040	1	272	545
1041	0	1041	1	235	471
1042	0	1042	1	113	227
1043	0	1043	1	123	247
1044	0	1044	1	144	289
1045	0	1045	1	200	400
1046	0	1046	1	362	724
1047	0	1047	3	39	94
1048	0	1048	1	218	437
1049	0	1049	1	61	123
1050	0	1050	1	105	211
1051	0	1051	1	150	300
1052	0	1052	1	134	268
1053	0	1053	1	102	205
1054	0	1054	1	44	88
1055	0	1055	1	50	100
1056	0	1056	1	165	331
1057	0	1057	1	38	76
1058	0	1058	1	237	475
1059	0	1059	1	72	145
1060	0	1060	2	0	479
1061	0	1061	1	49	99
1062	0	1062	1	199	398
1063	0	1063	1	48	97
1064	0	1064	1	206	413
1065	0	1065	1	109	219
1066	0	1066	1	159	318
1067	0	1067	1	187	375
1068	0	1068	1	339	679
1069	0	1069	1	177	355
1070	0	1070	1	106	212
1071	0	1071	1	125	251
1072	0	1072	1	278	556
1073	0	1073	3	204	492
1074	0	1074	3	34	84
1075	0	1075	1	64	128
1076	0	1076	1	382	764
1077	0	1077	1	62	124
1078	0	1078	1	274	549
1079	0	1079	2	0	429
1080	0	1080	1	98	197
1081	0	1081	1	246	492
1082	0	1082	1	174	348
1083	0	1083	1	85	170
1084	0	1084	1	121	242
1085	0	1085	1	154	308
1086	0	1086	1	131	263
1087	0	1087	1	181	363
1088	0	1088	1	100	200
1089	0	1089	1	167	334
1090	0	1090	1	119	239
1091	0	1091	1	136	272
1092	0	1092	1	142	285
1093	0	1093	1	171	343
1094	0	1094	1	124	248
1095	0	1095	1	91	183
1096	0	1096	1	437	875
1097	0	1097	1	271	542
1098	0	1098	2	0	1007
1099	0	1099	2	0	209
1100	0	1100	1	336	673
1101	0	1101	1	112	225
1102	0	1102	1	145	291
1103	0	1103	1	86	172
1104	0	1104	1	91	183
1105	0	1105	1	112	224
1106	0	1106	1	195	391
1107	0	1107	1	45	91
1108	0	1108	1	169	339
1109	0	1109	1	215	431
1110	0	1110	2	0	308
1111	0	1111	1	57	114
1112	0	1112	1	94	189
1113	0	1113	1	228	456
1114	0	1114	1	128	257
1115	0	1115	1	59	119
1116	0	1116	1	55	111
1117	0	1117	1	308	616
1118	0	1118	1	190	381
1119	0	1119	1	271	543
1120	0	1120	1	128	257
1121	0	1121	1	74	148
1122	0	1122	1	279	559
1123	0	1123	1	166	333
1124	0	1124	1	245	490
1125	0	1125	1	132	264
1126	0	1126	3	74	180
1127	0	1127	1	197	394
1128	0	1128	2	0	78
1129	0	1129	1	86	173
1130	0	1130	4	144	310
1131	0	1131	1	64	129
1132	0	1132	1	54	109
1133	0	1133	1	122	244
1134	0	1134	1	192	385
1135	0	1135	1	304	608
1136	0	1136	1	66	133
1137	0	1137	1	28	56
1138	0	1138	1	77	154
1139	0	1139	1	158	317
1140	0	1140	1	263	527
1141	0	1141	1	113	227
1142	0	1142	1	85	170
1143	0	1143	1	44	88
1144	0	1144	1	102	205
1145	0	1145	1	69	139
1146	0	1146	1	123	246
1147	0	1147	1	117	235
1148	0	1148	1	205	411
1149	0	1149	1	56	112
1150	0	1150	4	243	524
1151	0	1151	1	449	899
1152	0	1152	1	116	232
1153	0	1153	2	0	195
1154	0	1154	1	187	374
1155	0	1155	1	196	393
1156	0	1156	1	174	348
1157	1	0	1	765	1531
1158	1	1	1	275	551
1159	1	2	1	254	509
1160	1	3	3	11	476
1161	1	4	1	177	354
1162	1	5	1	422	844
1163	1	6	2	249	623
1164	1	7	1	102	204
1165	1	8	1	138	276
1166	1	9	1	49	99
1167	1	10	1	221	442
1168	1	11	1	89	178
1169	1	12	1	117	235
1170	1	13	1	225	451
1171	1	14	1	328	657
1172	1	15	1	180	361
1173	1	16	1	593	1187
1174	1	17	1	396	792
1175	1	18	1	204	408
1176	1	19	1	58	117
1177	1	20	1	559	1118
1178	1	21	1	242	485
1179	1	22	1	435	871
1180	1	23	1	731	1463
1181	1	24	1	194	463
1182	1	25	1	300	600
1183	1	26	1	116	233
1184	1	27	4	112	868
1185	1	28	1	267	535
1186	1	29	1	119	239
1187	1	30	1	125	250
1188	1	31	1	90	180
1189	1	32	1	386	773
1190	1	33	1	352	705
1191	1	34	1	50	100
1192	1	35	1	654	1308
1193	1	36	1	159	319
1194	1	37	1	466	933
1195	1	38	3	0	465
1196	1	39	1	53	106
1197	1	40	1	55	117
1198	1	41	1	71	142
1199	1	42	1	79	158
1200	1	43	1	53	106
1201	1	44	1	101	203
1202	1	45	1	249	499
1203	1	46	1	115	231
1204	1	47	1	689	1379
1205	1	48	1	122	244
1206	1	49	1	380	761
1207	1	50	3	0	381
1208	1	51	1	240	481
1209	1	52	1	54	109
1210	1	53	1	239	478
1211	1	54	2	162	406
1212	1	55	1	96	192
1213	1	56	1	131	263
1214	1	57	1	593	1186
1215	1	58	2	136	340
1216	1	59	1	257	515
1217	1	60	1	189	379
1218	1	61	1	210	420
1219	1	62	1	83	166
1220	1	63	1	285	571
1221	1	64	1	53	107
1222	1	65	1	219	439
1223	1	66	2	266	665
1224	1	67	1	280	573
1225	1	68	1	376	753
1226	1	69	1	339	678
1227	1	70	1	287	575
1228	1	71	1	286	572
1229	1	72	1	271	543
1230	1	73	1	89	272
1231	1	74	1	130	261
1232	1	75	1	278	556
1233	1	76	1	849	1699
1234	1	77	1	59	119
1235	1	78	3	0	427
1236	1	79	1	524	1048
1237	1	80	1	434	868
1238	1	81	1	279	559
1239	1	82	1	54	115
1240	1	83	1	95	191
1241	1	84	1	99	199
1242	1	85	1	222	444
1243	1	86	1	104	208
1244	1	87	1	563	1127
1245	1	88	1	352	704
1246	1	89	1	82	165
1247	1	90	1	521	1042
1248	1	91	1	87	175
1249	1	92	2	112	282
1250	1	93	1	43	87
1251	1	94	1	260	521
1252	1	95	2	572	1430
1253	1	96	1	41	83
1254	1	97	1	118	237
1255	1	98	1	297	595
1256	1	99	1	332	665
1257	1	100	1	92	184
1258	1	101	2	232	582
1259	1	102	1	272	544
1260	1	103	1	274	549
1261	1	104	1	131	262
1262	1	105	1	379	758
1263	1	106	1	207	414
1264	1	107	1	141	283
1265	1	108	1	352	705
1266	1	109	1	171	343
1267	1	110	1	158	316
1268	1	111	1	398	797
1269	1	112	1	124	249
1270	1	113	1	106	212
1271	1	114	1	116	232
1272	1	115	1	123	247
1273	1	116	1	192	384
1274	1	117	1	205	411
1275	1	118	1	188	377
1276	1	119	1	188	376
1277	1	120	1	384	768
1278	1	121	1	611	1222
1279	1	122	1	369	738
1280	1	123	1	254	508
1281	1	124	1	57	114
1282	1	125	1	507	1015
1283	1	126	1	149	299
1284	1	127	2	39	99
1285	1	128	1	648	1297
1286	1	129	1	106	212
1287	1	130	1	104	208
1288	1	131	1	107	214
1289	1	132	1	443	887
1290	1	133	1	68	137
1291	1	134	1	325	650
1292	1	135	1	253	506
1293	1	136	1	156	313
1294	1	137	1	49	98
1295	1	138	1	111	223
1296	1	139	1	151	302
1297	1	140	1	194	389
1298	1	141	1	207	414
1299	1	142	3	0	823
1300	1	143	1	50	101
1301	1	144	1	120	241
1302	1	145	1	258	516
1303	1	146	1	195	390
1304	1	147	1	421	842
1305	1	148	1	189	379
1306	1	149	1	119	238
1307	1	150	1	92	184
1308	1	151	1	188	376
1309	1	152	1	109	219
1310	1	153	1	208	417
1311	1	154	1	51	103
1312	1	155	1	184	369
1313	1	156	1	234	469
1314	1	157	1	87	175
1315	1	158	1	1788	3613
1316	1	159	1	299	598
1317	1	160	1	474	948
1318	1	161	1	529	1058
1319	1	162	1	262	525
1320	1	163	2	304	762
1321	1	164	1	207	415
1322	1	165	1	156	313
1323	1	166	1	144	289
1324	1	167	1	165	331
1325	1	168	2	49	124
1326	1	169	1	78	156
1327	1	170	1	178	357
1328	1	171	3	0	622
1329	1	172	1	75	151
1330	1	173	1	210	420
1331	1	174	1	88	177
1332	1	175	1	130	261
1333	1	176	1	63	127
1334	1	177	1	78	156
1335	1	178	1	195	391
1336	1	179	1	95	190
1337	1	180	2	144	362
1338	1	181	1	269	539
1339	1	182	1	181	362
1340	1	183	1	308	616
1341	1	184	1	310	620
1342	1	185	1	132	264
1343	1	186	1	220	440
1344	1	187	1	41	82
1345	1	188	1	80	160
1346	1	189	1	351	702
1347	1	190	1	164	329
1348	1	191	1	133	266
1349	1	192	1	120	240
1350	1	193	1	364	729
1351	1	194	1	440	881
1352	1	195	1	30	60
1353	1	196	1	86	172
1354	1	197	1	314	628
1355	1	198	1	203	407
1356	1	199	1	165	331
1357	1	200	2	294	736
1358	1	201	1	176	352
1359	1	202	2	194	485
1360	1	203	1	1194	2389
1361	1	204	1	38	77
1362	1	205	1	341	683
1363	1	206	1	451	902
1364	1	207	1	337	674
1365	1	208	1	56	113
1366	1	209	1	468	937
1367	1	210	1	387	774
1368	1	211	1	101	202
1369	1	212	1	135	271
1370	1	213	1	196	393
1371	1	214	1	264	528
1372	1	215	1	31	63
1373	1	216	1	246	492
1374	1	217	1	163	327
1375	1	218	1	276	553
1376	1	219	2	80	201
1377	1	220	3	0	480
1378	1	221	3	0	816
1379	1	222	1	410	821
1380	1	223	1	270	541
1381	1	224	1	350	701
1382	1	225	1	271	543
1383	1	226	1	361	723
1384	1	227	1	40	80
1385	1	228	1	174	348
1386	1	229	1	58	116
1387	1	230	1	255	510
1388	1	231	1	126	253
1389	1	232	1	283	567
1390	1	233	1	509	1018
1391	1	234	1	181	363
1392	1	235	1	400	800
1393	1	236	1	239	479
1394	1	237	1	86	172
1395	1	238	1	191	383
1396	1	239	1	631	1262
1397	1	240	1	199	398
1398	1	241	3	0	176
1399	1	242	1	288	576
1400	1	243	1	78	156
1401	1	244	1	243	487
1402	1	245	1	179	358
1403	1	246	4	58	452
1404	1	247	1	200	400
1405	1	248	1	83	166
1406	1	249	1	205	410
1407	1	250	1	162	325
1408	1	251	1	37	75
1409	1	252	1	225	450
1410	1	253	1	118	236
1411	1	254	1	162	325
1412	1	255	1	265	530
1413	1	256	1	42	85
1414	1	257	1	28	56
1415	1	258	2	408	1021
1416	1	259	4	96	567
1417	1	260	1	90	181
1418	1	261	1	108	216
1419	1	262	1	148	297
1420	1	263	1	28	56
1421	1	264	1	444	889
1422	1	265	4	90	602
1423	1	266	1	281	562
1424	1	267	1	392	785
1425	1	268	1	570	1141
1426	1	269	1	503	1006
1427	1	270	1	305	611
1428	1	271	2	274	687
1429	1	272	1	302	605
1430	1	273	1	174	349
1431	1	274	1	156	312
1432	1	275	1	302	604
1433	1	276	1	471	943
1434	1	277	1	226	453
1435	1	278	1	94	188
1436	1	279	3	0	1219
1437	1	280	1	189	378
1438	1	281	1	161	323
1439	1	282	1	221	443
1440	1	283	1	779	1559
1441	1	284	1	212	424
1442	1	285	1	115	230
1443	1	286	1	207	414
1444	1	287	1	106	213
1445	1	288	1	123	246
1446	1	289	1	427	855
1447	1	290	1	66	133
1448	1	291	1	356	713
1449	1	292	1	408	1048
1450	1	293	1	433	866
1451	1	294	1	559	1119
1452	1	295	1	155	311
1453	1	296	1	180	361
1454	1	297	1	338	677
1455	1	298	1	50	100
1456	1	299	1	283	566
1457	1	300	1	492	985
1458	1	301	1	581	1163
1459	1	302	1	402	805
1460	1	303	1	109	218
1461	1	304	1	62	124
1462	1	305	1	242	484
1463	1	306	1	291	582
1464	1	307	1	102	204
1465	1	308	1	191	383
1466	1	309	1	129	258
1467	1	310	1	327	654
1468	1	311	1	95	191
1469	1	312	1	109	218
1470	1	313	1	576	1153
1471	1	314	1	232	465
1472	1	315	1	139	278
1473	1	316	1	61	123
1474	1	317	1	45	90
1475	1	318	1	405	811
1476	1	319	1	91	183
1477	1	320	1	380	761
1478	1	321	1	804	1608
1479	1	322	1	433	867
1480	1	323	1	68	136
1481	1	324	1	78	157
1482	1	325	1	73	147
1483	1	326	1	554	1108
1484	1	327	2	254	636
1485	1	328	1	325	650
1486	1	329	1	280	560
1487	1	330	1	50	101
1488	1	331	1	133	267
1489	1	332	1	615	1231
1490	1	333	2	196	491
1491	1	334	1	393	786
1492	1	335	1	93	186
1493	1	336	1	67	134
1494	1	337	1	260	521
1495	1	338	1	168	337
1496	1	339	1	303	606
1497	1	340	1	307	615
1498	1	341	1	117	234
1499	1	342	1	131	262
1500	1	343	1	28	56
1501	1	344	1	293	587
1502	1	345	1	191	383
1503	1	346	1	63	126
1504	1	347	1	267	535
1505	1	348	1	76	152
1506	1	349	1	120	240
1507	1	350	1	559	1118
1508	1	351	1	217	435
1509	1	352	1	282	565
1510	1	353	1	112	225
1511	1	354	1	29	59
1512	1	355	1	95	191
1513	1	356	1	72	144
1514	1	357	1	295	590
1515	1	358	2	54	135
1516	1	359	1	141	282
1517	1	360	1	385	771
1518	1	361	1	173	346
1519	1	362	1	236	473
1520	1	363	1	423	847
1521	1	364	1	278	557
1522	1	365	1	353	706
1523	1	366	1	201	403
1524	1	367	1	120	241
1525	1	368	1	107	214
1526	1	369	1	90	180
1527	1	370	2	70	176
1528	1	371	1	371	743
1529	1	372	2	116	291
1530	1	373	2	77	193
1531	1	374	1	55	111
1532	1	375	1	40	81
1533	1	376	1	173	346
1534	1	377	1	245	491
1535	1	378	1	307	615
1536	1	379	1	232	464
1537	1	380	2	290	735
1538	1	381	1	622	1244
1539	1	382	1	240	480
1540	1	383	1	175	350
1541	1	384	1	264	529
1542	1	385	1	181	363
1543	1	386	1	646	1293
1544	1	387	1	57	114
1545	1	388	1	252	505
1546	1	389	1	447	894
1547	1	390	1	148	296
1548	1	391	1	90	180
1549	1	392	1	74	148
1550	1	393	4	85	632
1551	1	394	2	378	946
1552	1	395	1	95	190
1553	1	396	1	279	559
1554	1	397	1	125	251
1555	1	398	1	192	384
1556	1	399	1	97	194
1557	1	400	1	159	318
1558	1	401	1	90	181
1559	1	402	1	214	429
1560	1	403	1	501	1003
1561	1	404	1	235	470
1562	1	405	1	170	341
1563	1	406	1	215	431
1564	1	407	1	421	843
1565	1	408	1	428	856
1566	1	409	2	133	334
1567	1	410	1	70	141
1568	1	411	1	181	363
1569	1	412	1	181	362
1570	1	413	1	58	116
1571	1	414	1	216	432
1572	1	415	1	39	78
1573	1	416	1	510	1020
1574	1	417	1	168	337
1575	1	418	1	84	169
1576	1	419	1	107	215
1577	1	420	1	181	363
1578	1	421	1	504	1008
1579	1	422	1	69	138
1580	1	423	1	538	1077
1581	1	424	1	221	443
1582	1	425	2	197	493
1583	1	426	1	346	693
1584	1	427	1	246	492
1585	1	428	1	60	120
1586	1	429	1	333	666
1587	1	430	1	251	502
1588	1	431	2	624	1560
1589	1	432	1	305	611
1590	1	433	1	39	79
1591	1	434	1	109	219
1592	1	435	1	196	393
1593	1	436	1	204	409
1594	1	437	1	357	714
1595	1	438	1	90	180
1596	1	439	1	324	649
1597	1	440	1	289	578
1598	1	441	1	48	96
1599	1	442	1	145	290
1600	1	443	2	154	386
1601	1	444	1	163	326
1602	1	445	1	352	705
1603	1	446	1	370	763
1604	1	447	1	222	445
1605	1	448	1	416	832
1606	1	449	1	313	627
1607	1	450	1	358	716
1608	1	451	2	156	390
1609	1	452	1	146	293
1610	1	453	1	395	790
1611	1	454	1	83	166
1612	1	455	1	203	406
1613	1	456	1	364	729
1614	1	457	1	196	393
1615	1	458	1	296	592
1616	1	459	3	0	948
1617	1	460	2	194	504
1618	1	461	4	28	151
1619	1	462	1	172	344
1620	1	463	1	312	625
1621	1	464	1	80	160
1622	1	465	1	576	1152
1623	1	466	1	72	144
1624	1	467	1	87	175
1625	1	468	1	240	481
1626	1	469	1	264	529
1627	1	470	1	441	883
1628	1	471	1	174	348
1629	1	472	1	324	649
1630	1	473	1	239	478
1631	1	474	1	274	548
1632	1	475	1	231	462
1633	1	476	1	125	250
1634	1	477	1	403	807
1635	1	478	1	416	833
1636	1	479	1	137	274
1637	1	480	1	373	746
1638	1	481	1	346	692
1639	1	482	1	130	261
1640	1	483	1	147	294
1641	1	484	1	232	464
1642	1	485	1	253	506
1643	1	486	4	122	878
1644	1	487	2	148	370
1645	1	488	1	124	249
1646	1	489	1	256	513
1647	1	490	1	292	584
1648	1	491	2	150	375
1649	1	492	2	715	1789
1650	1	493	1	60	121
1651	1	494	1	128	257
1652	1	495	1	164	329
1653	1	496	2	174	436
1654	1	497	2	320	800
1655	1	498	2	116	290
1656	1	499	1	121	242
1657	1	500	1	205	411
1658	1	501	1	184	368
1659	1	502	1	335	670
1660	1	503	1	561	1122
1661	1	504	1	72	144
1662	1	505	1	293	587
1663	1	506	1	136	273
1664	1	507	2	34	85
1665	1	508	1	119	239
1666	1	509	1	201	403
1667	1	510	1	327	655
1668	1	511	1	332	664
1669	1	512	4	105	814
1670	1	513	1	187	374
1671	1	514	1	374	748
1672	1	515	1	170	341
1673	1	516	1	684	1368
1674	1	517	1	423	846
1675	1	518	1	137	275
1676	1	519	1	221	443
1677	1	520	1	82	165
1678	1	521	2	458	1145
1679	1	522	1	67	135
1680	1	523	1	299	599
1681	1	524	1	115	230
1682	1	525	1	298	597
1683	1	526	1	462	924
1684	1	527	1	188	376
1685	1	528	1	267	534
1686	1	529	1	28	56
1687	1	530	1	188	376
1688	1	531	1	209	418
1689	1	532	1	132	265
1690	1	533	1	51	102
1691	1	534	1	63	127
1692	1	535	1	137	274
1693	1	536	3	0	304
1694	1	537	1	60	121
1695	1	538	1	99	198
1696	1	539	1	438	876
1697	1	540	1	495	990
1698	1	541	1	85	170
1699	1	542	1	218	436
1700	1	543	1	197	394
1701	1	544	1	243	486
1702	1	545	1	92	184
1703	1	546	1	100	200
1704	1	547	1	221	443
1705	1	548	1	105	211
1706	1	549	1	320	641
1707	1	550	1	270	541
1708	1	551	3	0	1058
1709	1	552	1	628	1256
1710	1	553	1	159	318
1711	1	554	1	114	228
1712	1	555	1	82	165
1713	1	556	1	301	602
1714	1	557	1	170	340
1715	1	558	1	266	532
1716	1	559	1	73	146
1717	1	560	1	563	1127
1718	1	561	1	219	438
1719	1	562	1	766	1533
1720	1	563	1	140	281
1721	1	564	1	231	462
1722	1	565	1	469	938
1723	1	566	1	32	64
1724	1	567	1	179	358
1725	1	568	1	78	157
1726	1	569	1	56	112
1727	1	570	1	505	1010
1728	1	571	1	94	189
1729	1	572	1	164	328
1730	1	573	1	218	436
1731	1	574	1	386	781
1732	1	575	1	302	604
1733	1	576	1	491	982
1734	1	577	1	504	1008
1735	1	578	1	375	750
1736	1	579	2	262	656
1737	1	580	1	283	566
1738	1	581	1	382	764
1739	1	582	1	77	154
1740	1	583	1	212	424
1741	1	584	1	118	236
1742	1	585	2	389	974
1743	1	586	1	227	454
1744	1	587	1	351	703
1745	1	588	1	292	585
1746	1	589	1	203	407
1747	1	590	1	324	649
1748	1	591	1	203	406
1749	1	592	1	561	1123
1750	1	593	1	522	1045
1751	1	594	1	119	239
1752	1	595	1	352	705
1753	1	596	1	714	1429
1754	1	597	1	252	505
1755	1	598	1	63	127
1756	1	599	1	74	148
1757	1	600	1	57	114
1758	1	601	1	91	182
1759	1	602	1	141	282
1760	1	603	1	83	167
1761	1	604	1	365	730
1762	1	605	1	411	823
1763	1	606	1	54	108
1764	1	607	1	325	650
1765	1	608	1	301	602
1766	1	609	1	391	783
1767	1	610	1	24	48
1768	1	611	1	173	347
1769	1	612	1	217	434
1770	1	613	1	191	383
1771	1	614	1	278	557
1772	1	615	1	500	1001
1773	1	616	1	230	460
1774	1	617	1	232	465
1775	1	618	1	633	1266
1776	1	619	1	194	389
1777	1	620	1	494	989
1778	1	621	1	136	273
1779	1	622	1	121	243
1780	1	623	1	197	394
1781	1	624	1	410	820
1782	1	625	3	49	983
1783	1	626	1	66	132
1784	1	627	1	236	472
1785	1	628	1	195	390
1786	1	629	1	145	290
1787	1	630	1	235	470
1788	1	631	1	362	732
1789	1	632	1	285	571
1790	1	633	1	472	944
1791	1	634	1	230	461
1792	1	635	1	245	491
1793	1	636	1	422	844
1794	1	637	2	133	333
1795	1	638	1	55	110
1796	1	639	1	412	824
1797	1	640	1	218	437
1798	1	641	1	403	807
1799	1	642	1	133	266
1800	1	643	1	81	162
1801	1	644	1	258	516
1802	1	645	1	529	1058
1803	1	646	1	270	541
1804	1	647	1	307	614
1805	1	648	1	209	419
1806	1	649	1	174	349
1807	1	650	1	133	267
1808	1	651	2	165	414
1809	1	652	1	360	720
1810	1	653	1	177	354
1811	1	654	3	0	518
1812	1	655	1	142	284
1813	1	656	2	82	207
1814	1	657	1	56	112
1815	1	658	1	258	517
1816	1	659	1	62	124
1817	1	660	1	59	119
1818	1	661	1	217	435
1819	1	662	1	299	598
1820	1	663	1	236	478
1821	1	664	1	120	241
1822	1	665	1	55	110
1823	1	666	1	201	402
1824	1	667	1	197	394
1825	1	668	1	58	116
1826	1	669	1	171	342
1827	1	670	1	176	353
1828	1	671	1	328	657
1829	1	672	1	199	398
1830	1	673	1	40	80
1831	1	674	1	705	1411
1832	1	675	1	478	957
1833	1	676	1	158	316
1834	1	677	1	59	119
1835	1	678	1	286	572
1836	1	679	1	172	345
1837	1	680	1	176	352
1838	1	681	1	157	315
1839	1	682	1	193	386
1840	1	683	1	165	331
1841	1	684	1	118	236
1842	1	685	1	51	102
1843	1	686	1	84	168
1844	1	687	1	282	564
1845	1	688	1	48	96
1846	1	689	2	99	248
1847	1	690	1	151	303
1848	1	691	1	155	311
1849	1	692	1	470	941
1850	1	693	1	31	63
1851	1	694	1	311	623
1852	1	695	1	440	881
1853	1	696	4	147	1180
1854	1	697	3	0	876
1855	1	698	1	462	924
1856	1	699	1	568	1136
1857	1	700	1	493	987
1858	1	701	1	114	229
1859	1	702	1	67	134
1860	1	703	1	244	488
1861	1	704	2	149	374
1862	1	705	1	402	805
1863	1	706	1	568	1136
1864	1	707	1	99	198
1865	1	708	1	119	241
1866	1	709	1	385	770
1867	1	710	1	52	104
1868	1	711	1	391	782
1869	1	712	1	223	447
1870	1	713	1	480	961
1871	1	714	1	157	315
1872	1	715	1	57	114
1873	1	716	1	171	343
1874	1	717	1	88	177
1875	1	718	1	127	255
1876	1	719	1	48	96
1877	1	720	1	95	190
1878	1	721	1	61	123
1879	1	722	1	181	363
1880	1	723	1	172	345
1881	1	724	1	27	55
1882	1	725	1	229	459
1883	1	726	1	121	243
1884	1	727	1	182	365
1885	1	728	1	177	354
1886	1	729	1	127	254
1887	1	730	1	324	648
1888	1	731	1	169	338
1889	1	732	1	411	823
1890	1	733	3	0	436
1891	1	734	1	78	157
1892	1	735	1	503	1006
1893	1	736	1	70	140
1894	1	737	1	177	355
1895	1	738	1	211	423
1896	1	739	1	273	547
1897	1	740	1	222	445
1898	1	741	1	304	609
1899	1	742	2	158	396
1900	1	743	1	419	838
1901	1	744	1	97	194
1902	1	745	2	290	726
1903	1	746	1	163	326
1904	1	747	1	518	1037
1905	1	748	1	169	338
1906	1	749	1	52	105
1907	1	750	1	307	614
1908	1	751	1	356	712
1909	1	752	1	118	236
1910	1	753	1	81	162
1911	1	754	1	102	205
1912	1	755	1	93	187
1913	1	756	3	0	1116
1914	1	757	1	44	88
1915	1	758	1	127	255
1916	1	759	1	241	493
1917	1	760	4	95	388
1918	1	761	1	306	612
1919	1	762	1	243	487
1920	1	763	1	222	445
1921	1	764	1	323	646
1922	1	765	1	123	246
1923	1	766	1	123	246
1924	1	767	1	132	265
1925	1	768	1	850	1700
1926	1	769	1	55	110
1927	1	770	1	212	424
1928	1	771	1	73	147
1929	1	772	1	741	1482
1930	1	773	1	114	228
1931	1	774	1	391	783
1932	1	775	1	336	673
1933	1	776	1	839	1678
1934	1	777	1	44	88
1935	1	778	1	174	349
1936	1	779	1	58	116
1937	1	780	1	481	962
1938	1	781	1	292	585
1939	1	782	1	265	530
1940	1	783	1	165	330
1941	1	784	1	333	666
1942	1	785	1	85	171
1943	1	786	1	61	122
1944	1	787	1	278	557
1945	1	788	1	325	651
1946	1	789	1	157	314
1947	1	790	1	140	281
1948	1	791	1	59	119
1949	1	792	1	577	1154
1950	1	793	1	334	668
1951	1	794	1	88	176
1952	1	795	1	125	251
1953	1	796	1	363	727
1954	1	797	1	75	151
1955	1	798	1	162	325
1956	1	799	1	62	125
1957	1	800	1	91	182
1958	1	801	1	346	693
1959	1	802	1	394	788
1960	1	803	1	143	286
1961	1	804	1	232	465
1962	1	805	1	78	156
1963	1	806	1	80	160
1964	1	807	1	318	636
1965	1	808	1	132	265
1966	1	809	1	125	250
1967	1	810	1	216	432
1968	1	811	1	241	482
1969	1	812	1	267	535
1970	1	813	3	0	672
1971	1	814	1	207	415
1972	1	815	1	360	720
1973	1	816	2	246	625
1974	1	817	1	220	441
1975	1	818	1	218	436
1976	1	819	1	180	361
1977	1	820	1	264	528
1978	1	821	1	290	580
1979	1	822	1	124	248
1980	1	823	1	414	829
1981	1	824	1	375	751
1982	1	825	1	135	270
1983	1	826	1	145	290
1984	1	827	1	162	324
1985	1	828	1	154	309
1986	1	829	1	282	564
1987	1	830	1	117	234
1988	1	831	1	291	583
1989	1	832	1	59	118
1990	1	833	1	240	480
1991	1	834	1	165	330
1992	1	835	1	1000	2001
1993	1	836	1	115	231
1994	1	837	1	73	147
1995	1	838	1	280	560
1996	1	839	2	54	136
1997	1	840	1	428	857
1998	1	841	1	479	958
1999	1	842	1	287	575
2000	1	843	1	144	289
2001	1	844	1	187	375
2002	1	845	1	705	1411
2003	1	846	1	335	670
2004	1	847	1	238	476
2005	1	848	1	68	137
2006	1	849	1	227	454
2007	1	850	1	121	243
2008	1	851	1	226	452
2009	1	852	1	388	777
2010	1	853	1	251	502
2011	1	854	1	77	157
2012	1	855	2	112	278
2013	1	856	1	75	150
2014	1	857	1	34	69
2015	1	858	1	168	337
2016	1	859	1	247	494
2017	1	860	1	78	156
2018	1	861	1	50	101
2019	1	862	1	410	820
2020	1	863	1	224	448
2021	1	864	1	248	497
2022	1	865	1	118	236
2023	1	866	1	162	324
2024	1	867	1	130	261
2025	1	868	1	182	364
2026	1	869	1	426	853
2027	1	870	1	213	426
2028	1	871	1	108	217
2029	1	872	1	402	804
2030	1	873	1	354	709
2031	1	874	4	53	463
2032	1	875	1	434	868
2033	1	876	1	113	226
2034	1	877	1	236	473
2035	1	878	1	80	160
2036	1	879	1	257	514
2037	1	880	1	438	877
2038	1	881	1	356	712
2039	1	882	1	168	336
2040	1	883	1	341	682
2041	1	884	1	268	536
2042	1	885	1	293	586
2043	1	886	1	477	955
2044	1	887	1	194	388
2045	1	888	1	344	695
2046	1	889	1	557	1115
2047	1	890	1	206	412
2048	1	891	1	216	433
2049	1	892	1	175	351
2050	1	893	1	359	718
2051	1	894	1	581	1162
2052	1	895	1	132	265
2053	1	896	1	445	890
2054	1	897	1	293	586
2055	1	898	1	54	109
2056	1	899	1	202	404
2057	1	900	1	167	335
2058	1	901	1	421	842
2059	1	902	1	242	484
2060	1	903	1	52	105
2061	1	904	1	322	644
2062	1	905	1	121	243
2063	1	906	1	104	208
2064	1	907	1	188	376
2065	1	908	1	417	834
2066	1	909	1	138	277
2067	1	910	1	205	411
2068	1	911	1	502	1005
2069	1	912	2	263	659
2070	1	913	1	609	1219
2071	1	914	1	407	815
2072	1	915	1	51	103
2073	1	916	1	317	634
2074	1	917	1	356	712
2075	1	918	1	315	631
2076	1	919	1	303	607
2077	1	920	1	300	600
2078	1	921	1	183	366
2079	1	922	1	141	282
2080	1	923	1	698	1397
2081	1	924	1	97	202
2082	1	925	1	245	490
2083	1	926	1	149	299
2084	1	927	1	109	218
2085	1	928	1	143	287
2086	1	929	1	233	467
2087	1	930	1	199	398
2088	1	931	1	225	451
2089	1	932	1	291	583
2090	1	933	1	165	330
2091	1	934	1	73	146
2092	1	935	1	179	359
2093	1	936	1	173	346
2094	1	937	1	97	195
2095	1	938	1	546	1092
2096	1	939	1	67	134
2097	1	940	1	329	659
2098	1	941	1	98	197
2099	1	942	1	58	117
2100	1	943	1	187	375
2101	1	944	1	356	712
2102	1	945	1	192	384
2103	1	946	1	25	51
2104	1	947	1	57	114
2105	1	948	1	134	268
2106	1	949	1	300	600
2107	1	950	1	56	113
2108	1	951	1	97	195
2109	1	952	1	360	720
2110	1	953	1	53	106
2111	1	954	1	187	374
2112	1	955	1	25	69
2113	1	956	1	231	462
2114	1	957	1	472	944
2115	1	958	1	251	502
2116	1	959	1	250	500
2117	1	960	1	122	245
2118	1	961	1	396	793
2119	1	962	1	192	385
2120	1	963	2	144	360
2121	1	964	1	285	571
2122	1	965	1	117	235
2123	1	966	2	165	419
2124	1	967	1	34	69
2125	1	968	1	118	237
2126	1	969	1	349	699
2127	1	970	1	82	164
2128	1	971	1	60	120
2129	1	972	1	238	476
2130	1	973	1	205	411
2131	1	974	2	164	410
2132	1	975	1	395	791
2133	1	976	1	546	1092
2134	1	977	1	263	526
2135	1	978	1	200	401
2136	1	979	1	105	211
2137	1	980	1	114	228
2138	1	981	1	312	625
2139	1	982	1	97	195
2140	1	983	2	155	389
2141	1	984	1	94	189
2142	1	985	1	55	110
2143	1	986	1	111	222
2144	1	987	1	448	897
2145	1	988	1	201	402
2146	1	989	1	152	305
2147	1	990	1	248	497
2148	1	991	4	89	358
2149	1	992	1	135	271
2150	1	993	1	274	548
2151	1	994	1	361	723
2152	1	995	1	165	330
2153	1	996	1	397	794
2154	1	997	1	96	193
2155	1	998	1	520	1040
2156	1	999	1	200	401
2157	1	1000	1	274	549
2158	1	1001	2	332	831
2159	1	1002	1	51	103
2160	1	1003	1	299	598
2161	1	1004	1	277	554
2162	1	1005	1	367	734
2163	1	1006	1	206	412
2164	1	1007	1	206	413
2165	1	1008	1	84	168
2166	1	1009	1	281	562
2167	1	1010	1	391	783
2168	1	1011	1	558	1117
2169	1	1012	1	108	217
2170	1	1013	1	134	268
2171	1	1014	1	105	211
2172	1	1015	1	369	739
2173	1	1016	1	700	1401
2174	1	1017	1	98	197
2175	1	1018	1	149	299
2176	1	1019	1	102	204
2177	1	1020	1	378	756
2178	1	1021	2	367	918
2179	1	1022	1	490	981
2180	1	1023	1	168	336
2181	1	1024	1	403	806
2182	1	1025	1	506	1013
2183	1	1026	1	220	441
2184	1	1027	1	381	763
2185	1	1028	2	184	460
2186	1	1029	1	109	218
2187	1	1030	1	188	376
2188	1	1031	1	164	329
2189	1	1032	1	432	865
2190	1	1033	1	300	601
2191	1	1034	1	165	330
2192	1	1035	1	183	367
2193	1	1036	1	120	241
2194	1	1037	1	183	366
2195	1	1038	1	68	137
2196	1	1039	1	300	600
2197	1	1040	1	375	751
2198	1	1041	1	292	585
2199	1	1042	1	139	278
2200	1	1043	1	126	253
2201	1	1044	1	157	315
2202	1	1045	1	211	422
2203	1	1046	1	605	1211
2204	1	1047	3	0	126
2205	1	1048	1	363	726
2206	1	1049	1	81	163
2207	1	1050	1	127	254
2208	1	1051	1	207	414
2209	1	1052	1	167	334
2210	1	1053	1	161	323
2211	1	1054	1	59	118
2212	1	1055	1	60	120
2213	1	1056	1	293	587
2214	1	1057	1	64	129
2215	1	1058	1	330	660
2216	1	1059	1	111	223
2217	1	1060	2	287	719
2218	1	1061	1	51	103
2219	1	1062	1	310	620
2220	1	1063	1	67	135
2221	1	1064	1	262	524
2222	1	1065	1	115	231
2223	1	1066	1	212	425
2224	1	1067	1	274	549
2225	1	1068	1	569	1139
2226	1	1069	1	245	491
2227	1	1070	1	136	273
2228	1	1071	1	200	401
2229	1	1072	1	486	973
2230	1	1073	3	0	795
2231	1	1074	3	0	109
2232	1	1075	1	67	134
2233	1	1076	1	454	909
2234	1	1077	1	113	226
2235	1	1078	1	334	668
2236	1	1079	2	233	583
2237	1	1080	1	181	362
2238	1	1081	1	427	854
2239	1	1082	1	232	465
2240	1	1083	1	99	199
2241	1	1084	1	161	322
2242	1	1085	1	166	333
2243	1	1086	1	173	347
2244	1	1087	1	237	474
2245	1	1088	1	110	220
2246	1	1089	1	190	380
2247	1	1090	1	166	332
2248	1	1091	1	251	503
2249	1	1092	1	175	350
2250	1	1093	1	206	413
2251	1	1094	1	207	415
2252	1	1095	1	117	234
2253	1	1096	1	641	1283
2254	1	1097	1	361	722
2255	1	1098	2	514	1286
2256	1	1099	2	123	309
2257	1	1100	1	449	898
2258	1	1101	1	169	338
2259	1	1102	1	196	392
2260	1	1103	1	103	206
2261	1	1104	1	150	300
2262	1	1105	1	150	300
2263	1	1106	1	222	444
2264	1	1107	1	84	169
2265	1	1108	1	294	589
2266	1	1109	1	278	557
2267	1	1110	2	167	419
2268	1	1111	1	83	167
2269	1	1112	1	152	304
2270	1	1113	1	273	547
2271	1	1114	1	159	318
2272	1	1115	1	88	176
2273	1	1116	1	66	132
2274	1	1117	1	423	846
2275	1	1118	1	318	637
2276	1	1119	1	451	903
2277	1	1120	1	227	454
2278	1	1121	1	105	211
2279	1	1122	1	456	912
2280	1	1123	1	293	587
2281	1	1124	1	315	631
2282	1	1125	1	146	293
2283	1	1126	3	0	337
2284	1	1127	1	300	600
2285	1	1128	2	42	106
2286	1	1129	1	118	237
2287	1	1130	4	52	418
2288	1	1131	1	92	185
2289	1	1132	1	85	171
2290	1	1133	1	172	345
2291	1	1134	1	248	497
2292	1	1135	1	430	860
2293	1	1136	1	75	150
2294	1	1137	1	40	80
2295	1	1138	1	96	193
2296	1	1139	1	248	497
2297	1	1140	1	290	580
2298	1	1141	1	145	291
2299	1	1142	1	114	229
2300	1	1143	1	65	131
2301	1	1144	1	147	295
2302	1	1145	1	164	328
2303	1	1146	1	131	262
2304	1	1147	1	199	399
2305	1	1148	1	372	745
2306	1	1149	1	94	189
2307	1	1150	4	95	738
2308	1	1151	1	572	1145
2309	1	1152	1	159	318
2310	1	1153	2	104	261
2311	1	1154	1	316	633
2312	1	1155	1	276	553
2313	1	1156	1	194	389
